kind,task,path,line,date
PROMOTED,T10,docs/tasks/archive/2026-04-10-round3-privacy-and-skip.md,16,2026-04-10
PROMOTED,T10,docs/tasks/archive/2026-04-10-t16-validator-convergence.md,18,2026-04-10
PROMOTED,,docs/tasks/archive/2026-04-11-t35-frontend-prefix-strip.md,27,2026-04-11
PROMOTED,,docs/tasks/archive/2026-04-11-t35-frontend-prefix-strip.md,42,2026-04-11
PROMOTED,,docs/tasks/archive/2026-04-12-t54-t34b-t35c-final-batch.md,23,2026-04-12
ACCEPT,,docs/tasks/archive/2026-04-27-t135c-gcp-key-referrer-restriction.md,6,2026-04-27
ACCEPT,,docs/tasks/archive/2026-04-27-t145-eslintrc-cjs.md,7,2026-04-27
RATIFIED,,docs/tasks/archive/2026-04-27-t145-eslintrc-cjs.md,7,2026-04-27
RATIFIED,,docs/tasks/archive/2026-04-27-t145-eslintrc-cjs.md,15,2026-04-27
ACCEPT,,docs/tasks/archive/2026-04-27-t146-assumptions-confirmation-gate.md,7,2026-04-27
RATIFIED,,docs/tasks/archive/2026-04-27-t146-assumptions-confirmation-gate.md,7,2026-04-27
RATIFIED,,docs/tasks/archive/2026-04-27-t146-assumptions-confirmation-gate.md,42,2026-04-27
ACCEPT,,docs/tasks/archive/2026-04-27-t146a-confirm-required-gate-universal.md,7,2026-04-27
RATIFIED,,docs/tasks/archive/2026-04-27-t146a-confirm-required-gate-universal.md,7,2026-04-27
PROMOTED,T106a,docs/tasks/archive/2026-04-27-t146a-confirm-required-gate-universal.md,14,2026-04-27
PROMOTED,,docs/tasks/archive/2026-04-27-t146a-confirm-required-gate-universal.md,15,2026-04-27
RATIFIED,T143a,docs/tasks/archive/2026-04-27-t146a-confirm-required-gate-universal.md,70,2026-04-27
ACCEPT,T146a,docs/tasks/archive/2026-04-27-t146a-confirm-required-gate-universal.md,92,2026-04-27
PROMOTED,T106a,docs/tasks/archive/2026-04-27-t146a-confirm-required-gate-universal.md,109,2026-04-27
ACCEPT,,docs/tasks/archive/2026-04-27-t146b-atomic-parked-accepted-write.md,7,2026-04-27
RATIFIED,,docs/tasks/archive/2026-04-27-t146b-atomic-parked-accepted-write.md,40,2026-04-27
CONFIRMED,,docs/tasks/archive/2026-04-27-t146b-atomic-parked-accepted-write.md,69,2026-04-27
RATIFIED,T146,docs/tasks/archive/2026-04-27-t146b-atomic-parked-accepted-write.md,89,2026-04-27
PROMOTED,T126,docs/tasks/archive/2026-04-27-t146b-atomic-parked-accepted-write.md,91,2026-04-27
RATIFIED,T147,docs/tasks/archive/2026-04-27-t146b-atomic-parked-accepted-write.md,100,2026-04-27
ACCEPT,,docs/tasks/archive/2026-04-27-t147-activation-cleanup-and-verb-filter.md,7,2026-04-27
RATIFIED,,docs/tasks/archive/2026-04-27-t147-activation-cleanup-and-verb-filter.md,7,2026-04-27
CONFIRMED,,docs/tasks/archive/2026-04-27-t147-activation-cleanup-and-verb-filter.md,42,2026-04-27
PROMOTED,,docs/tasks/archive/2026-04-28-t126-phase-order-tdl-sort.md,4,2026-04-28
ACCEPT,,docs/tasks/archive/2026-04-28-t126-phase-order-tdl-sort.md,7,2026-04-28
RATIFIED,,docs/tasks/archive/2026-04-28-t148-milestone-field-path-stability.md,99,2026-04-28
RATIFIED,,docs/tasks/archive/2026-04-28-t149-internal-team-form-prefill-is-lead.md,67,2026-04-28
RATIFIED,T129,docs/tasks/archive/2026-04-29-t150-governance-acceptance-defer-to-validator.md,59,2026-04-29
RATIFIED,,docs/tasks/archive/2026-04-29-t150-governance-acceptance-defer-to-validator.md,81,2026-04-29
RATIFIED,,docs/tasks/archive/2026-04-30-t161-silver-multi-team-classification.md,126,2026-04-30
RATIFIED,,docs/tasks/archive/2026-04-30-t161-silver-multi-team-classification.md,147,2026-04-30
CONFIRMED,T161,docs/tasks/archive/2026-04-30-t161-silver-multi-team-classification.md,168,2026-04-30
RATIFIED,T162,docs/tasks/archive/2026-04-30-t162-active-tdl-item-propagation.md,55,2026-04-30
RATIFIED,T162,docs/tasks/archive/2026-04-30-t162-active-tdl-item-propagation.md,61,2026-04-30
RATIFIED,T95,docs/tasks/archive/2026-04-30-t162-active-tdl-item-propagation.md,105,2026-04-30
RATIFIED,T95,docs/tasks/archive/2026-04-30-t163-activation-blocking-items-check.md,52,2026-04-30
RATIFIED,T164,docs/tasks/archive/2026-04-30-t163-activation-blocking-items-check.md,131,2026-04-30
RATIFIED,T148,docs/tasks/archive/2026-04-30-t164-gold-valid-filter-preserves-blocking.md,132,2026-04-30
RATIFIED,T95,docs/tasks/archive/2026-04-30-t164-gold-valid-filter-preserves-blocking.md,133,2026-04-30
RATIFIED,,docs/tasks/archive/2026-04-30-t164-gold-valid-filter-preserves-blocking.md,140,2026-04-30
RATIFIED,T163,docs/tasks/archive/2026-04-30-t164-gold-valid-filter-preserves-blocking.md,154,2026-04-30
ACCEPT,,docs/tasks/archive/2026-05-01-t165a-silver-fallback-compound-split.md,83,2026-05-01
ACCEPT,,docs/tasks/archive/2026-05-01-t166-conv-pre-flip-validate.md,113,2026-05-01
ACCEPT,,docs/tasks/archive/2026-05-01-t169-activate-sync-shape-normalize-diff.md,63,2026-05-01
ACCEPT,,docs/tasks/archive/2026-05-01-t171a-internal-team-canvas-field-canonicalize.md,47,2026-05-01
ACCEPT,,docs/tasks/archive/2026-05-02-t167-silver-per-record-trailing-punctuation.md,49,2026-05-02
ACCEPT,,docs/tasks/archive/2026-05-02-t171-primary-closed-by-t171a.md,56,2026-05-02
ACCEPT,,docs/tasks/archive/2026-05-02-t172-silver-fallback-client-company.md,47,2026-05-02
RATIFIED,,docs/tasks/archive/2026-05-04-t175-not-a-bug-governance-milestone-log-canvas-discrepancy.md,29,2026-05-04
RATIFIED,T176,docs/tasks/archive/2026-05-04-t176-deploy-script-env-var-preservation.md,62,2026-05-04
RATIFIED,,docs/tasks/archive/2026-05-04-t177-frontend-post-flip-form-suppression.md,24,2026-05-04
RATIFIED,,docs/tasks/archive/2026-05-04-t177-frontend-post-flip-form-suppression.md,53,2026-05-04
ACCEPT,,docs/tasks/archive/2026-05-05-t179-brand-rebrand.md,3,2026-05-05
RATIFIED,,docs/tasks/archive/2026-05-05-t179-brand-rebrand.md,12,2026-05-05
RATIFIED,,docs/tasks/archive/2026-05-05-t179-brand-rebrand.md,14,2026-05-05
ACCEPT,,docs/tasks/archive/2026-05-05-t179-brand-rebrand.md,65,2026-05-05
ACCEPT,T199,docs/tasks/archive/2026-05-09-t197-family-chat-vs-validator-systemic-refactor.md,3,2026-05-09
ACCEPT,T197,docs/tasks/archive/2026-05-09-t197-family-chat-vs-validator-systemic-refactor.md,17,2026-05-09
ACCEPT,T197a,docs/tasks/archive/2026-05-09-t197-family-chat-vs-validator-systemic-refactor.md,18,2026-05-09
RATIFIED,T197a,docs/tasks/archive/2026-05-09-t197-family-chat-vs-validator-systemic-refactor.md,18,2026-05-09
ACCEPT,T197b,docs/tasks/archive/2026-05-09-t197-family-chat-vs-validator-systemic-refactor.md,19,2026-05-09
ACCEPT,T197c,docs/tasks/archive/2026-05-09-t197-family-chat-vs-validator-systemic-refactor.md,20,2026-05-09
ACCEPT,T197d,docs/tasks/archive/2026-05-09-t197-family-chat-vs-validator-systemic-refactor.md,21,2026-05-09
ACCEPT,T197e,docs/tasks/archive/2026-05-09-t197-family-chat-vs-validator-systemic-refactor.md,22,2026-05-09
RATIFIED,T197f,docs/tasks/archive/2026-05-09-t197-family-chat-vs-validator-systemic-refactor.md,23,2026-05-09
ACCEPT,T197f,docs/tasks/archive/2026-05-09-t197-family-chat-vs-validator-systemic-refactor.md,24,2026-05-09
ACCEPT,T197f,docs/tasks/archive/2026-05-09-t197-family-chat-vs-validator-systemic-refactor.md,25,2026-05-09
RATIFIED,T197f,docs/tasks/archive/2026-05-09-t197-family-chat-vs-validator-systemic-refactor.md,25,2026-05-09
RATIFIED,,docs/tasks/archive/2026-05-09-t197-family-chat-vs-validator-systemic-refactor.md,56,2026-05-09
RATIFIED,,docs/tasks/archive/2026-05-09-t197-family-chat-vs-validator-systemic-refactor.md,57,2026-05-09
RATIFIED,T146,docs/tasks/archive/2026-05-09-t197-family-chat-vs-validator-systemic-refactor.md,83,2026-05-09
CONFIRMED,,docs/tasks/archive/2026-05-09-t197-family-chat-vs-validator-systemic-refactor.md,92,2026-05-09
RATIFIED,T197,docs/tasks/archive/2026-05-09-t197-family-chat-vs-validator-systemic-refactor.md,163,2026-05-09
RATIFIED,,docs/tasks/archive/2026-05-09-t197-family-chat-vs-validator-systemic-refactor.md,190,2026-05-09
RATIFIED,,docs/tasks/archive/2026-05-09-t197-family-chat-vs-validator-systemic-refactor.md,196,2026-05-09
RATIFIED,,docs/tasks/archive/2026-05-09-t197-family-chat-vs-validator-systemic-refactor.md,197,2026-05-09
RATIFIED,,docs/tasks/archive/2026-05-09-t197-family-chat-vs-validator-systemic-refactor.md,201,2026-05-09
RATIFIED,T197,docs/tasks/archive/2026-05-09-t197-family-chat-vs-validator-systemic-refactor.md,203,2026-05-09
ACCEPT,T197,docs/tasks/archive/2026-05-09-t197-family-chat-vs-validator-systemic-refactor.md,211,2026-05-09
RATIFIED,T197,docs/tasks/archive/2026-05-09-t197-family-chat-vs-validator-systemic-refactor.md,211,2026-05-09
ACCEPT,T197b,docs/tasks/archive/2026-05-09-t197-family-chat-vs-validator-systemic-refactor.md,213,2026-05-09
ACCEPT,T197c,docs/tasks/archive/2026-05-09-t197-family-chat-vs-validator-systemic-refactor.md,214,2026-05-09
ACCEPT,T202,docs/tasks/archive/2026-05-09-t202-budget-parser-suffix-multiplier.md,3,2026-05-09
RATIFIED,,docs/tasks/archive/2026-05-09-t202-budget-parser-suffix-multiplier.md,52,2026-05-09
RATIFIED,T202,docs/tasks/archive/2026-05-09-t202-budget-parser-suffix-multiplier.md,53,2026-05-09
ACCEPT,,docs/tasks/archive/2026-05-09-t208-family-prod-gate4-defense-in-depth.md,3,2026-05-09
ACCEPT,,docs/tasks/archive/2026-05-09-t208-family-prod-gate4-defense-in-depth.md,6,2026-05-09
ACCEPT,T146,docs/tasks/archive/2026-05-09-t208-family-prod-gate4-defense-in-depth.md,11,2026-05-09
ACCEPT,T208a,docs/tasks/archive/2026-05-09-t208-family-prod-gate4-defense-in-depth.md,18,2026-05-09
ACCEPT,T208b,docs/tasks/archive/2026-05-09-t208-family-prod-gate4-defense-in-depth.md,20,2026-05-09
ACCEPT,T208b,docs/tasks/archive/2026-05-09-t208-family-prod-gate4-defense-in-depth.md,21,2026-05-09
ACCEPT,T208c,docs/tasks/archive/2026-05-09-t208-family-prod-gate4-defense-in-depth.md,22,2026-05-09
ACCEPT,T208d,docs/tasks/archive/2026-05-09-t208-family-prod-gate4-defense-in-depth.md,23,2026-05-09
CONFIRMED,T52,docs/tasks/archive/2026-05-09-t208-family-prod-gate4-defense-in-depth.md,60,2026-05-09
RATIFIED,T93,docs/tasks/archive/2026-05-09-t208-family-prod-gate4-defense-in-depth.md,68,2026-05-09
RATIFIED,T89,docs/tasks/archive/2026-05-09-t208-family-prod-gate4-defense-in-depth.md,69,2026-05-09
RATIFIED,T143a,docs/tasks/archive/2026-05-09-t208-family-prod-gate4-defense-in-depth.md,101,2026-05-09
RATIFIED,,docs/tasks/archive/2026-05-09-t208-family-prod-gate4-defense-in-depth.md,123,2026-05-09
RATIFIED,T103,docs/tasks/archive/2026-05-09-t208-family-prod-gate4-defense-in-depth.md,124,2026-05-09
ACCEPT,T208a,docs/tasks/archive/2026-05-09-t208-family-prod-gate4-defense-in-depth.md,130,2026-05-09
RATIFIED,,docs/tasks/archive/2026-05-09-t208-family-prod-gate4-defense-in-depth.md,169,2026-05-09
RATIFIED,,docs/tasks/archive/2026-05-09-t208-family-prod-gate4-defense-in-depth.md,171,2026-05-09
RATIFIED,T208b,docs/tasks/archive/2026-05-09-t208-family-prod-gate4-defense-in-depth.md,172,2026-05-09
ACCEPT,,docs/tasks/archive/2026-05-11-t214-silver-success-empty-payload-bypass.md,3,2026-05-11
ACCEPT,,docs/tasks/archive/2026-05-11-t214-silver-success-empty-payload-bypass.md,6,2026-05-11
ACCEPT,T197b,docs/tasks/archive/2026-05-11-t214-silver-success-empty-payload-bypass.md,99,2026-05-11
ACCEPT,T214,docs/tasks/archive/2026-05-11-t214-silver-success-empty-payload-bypass.md,134,2026-05-11
ACCEPT,,docs/tasks/archive/2026-05-11-t214-silver-success-empty-payload-bypass.md,135,2026-05-11
ACCEPT,,docs/tasks/archive/2026-05-11-t214-silver-success-empty-payload-bypass.md,135,2026-05-11
ACCEPT,,docs/tasks/archive/2026-05-12-pre-round-66-leftover-bundle.md,29,2026-05-12
ACCEPT,,docs/tasks/archive/2026-05-12-pre-round-66-leftover-bundle.md,40,2026-05-12
ACCEPT,T177,docs/tasks/archive/2026-05-12-pre-round-66-leftover-bundle.md,72,2026-05-12
ACCEPT,,docs/tasks/archive/2026-05-12-pre-round-66-leftover-bundle.md,83,2026-05-12
RATIFIED,,docs/tasks/archive/2026-05-12-pre-round-66-leftover-bundle.md,88,2026-05-12
ACCEPT,T181,docs/tasks/archive/2026-05-12-pre-round-66-leftover-bundle.md,94,2026-05-12
ACCEPT,,docs/tasks/archive/2026-05-12-pre-round-66-leftover-bundle.md,105,2026-05-12
ACCEPT,T202,docs/tasks/archive/2026-05-12-pre-round-66-leftover-bundle.md,121,2026-05-12
ACCEPT,,docs/tasks/archive/2026-05-12-pre-round-66-leftover-bundle.md,130,2026-05-12
ACCEPT,T183a,docs/tasks/archive/2026-05-12-pre-round-66-leftover-bundle.md,142,2026-05-12
ACCEPT,T212a,docs/tasks/archive/2026-05-12-pre-round-66-leftover-bundle.md,151,2026-05-12
CONFIRMED,,docs/tasks/archive/2026-05-12-pre-round-66-leftover-bundle.md,155,2026-05-12
ACCEPT,T212,docs/tasks/archive/2026-05-12-pre-round-66-leftover-bundle.md,170,2026-05-12
RATIFIED,T212,docs/tasks/archive/2026-05-12-pre-round-66-leftover-bundle.md,170,2026-05-12
RATIFIED,T212a,docs/tasks/archive/2026-05-12-pre-round-66-leftover-bundle.md,174,2026-05-12
ACCEPT,,docs/tasks/archive/2026-05-12-pre-round-66-leftover-bundle.md,181,2026-05-12
CONFIRMED,,docs/tasks/archive/2026-05-12-pre-round-66-leftover-bundle.md,185,2026-05-12
ACCEPT,T213,docs/tasks/archive/2026-05-12-pre-round-66-leftover-bundle.md,214,2026-05-12
RATIFIED,,docs/tasks/archive/2026-05-12-pre-round-66-leftover-bundle.md,216,2026-05-12
PROMOTED,,docs/tasks/archive/2026-05-12-pre-round-66-leftover-bundle.md,216,2026-05-12
RATIFIED,T212a,docs/tasks/archive/2026-05-12-pre-round-66-leftover-bundle.md,238,2026-05-12
ACCEPT,,docs/tasks/archive/2026-05-12-round-63-deploy-bundle.md,132,2026-05-12
RATIFIED,,docs/tasks/archive/2026-05-12-round-63-deploy-bundle.md,132,2026-05-12
RATIFIED,T213,docs/tasks/archive/2026-05-12-round-66-deploy-bundle.md,50,2026-05-12
RATIFIED,T215a,docs/tasks/archive/2026-05-12-round-66-deploy-bundle.md,56,2026-05-12
CONFIRMED,T186a,docs/tasks/archive/2026-05-12-round-66-deploy-bundle.md,114,2026-05-12
CONFIRMED,,docs/tasks/archive/2026-05-12-round-66-deploy-bundle.md,138,2026-05-12
RATIFIED,T213a,docs/tasks/archive/2026-05-12-round-66-deploy-bundle.md,169,2026-05-12
RATIFIED,T180,docs/tasks/archive/2026-05-12-rounds-57-58-polish-bundle.md,5,2026-05-12
RATIFIED,T182,docs/tasks/archive/2026-05-12-rounds-57-58-polish-bundle.md,93,2026-05-12
RATIFIED,T180,docs/tasks/archive/2026-05-12-rounds-57-58-polish-bundle.md,109,2026-05-12
RATIFIED,,docs/tasks/archive/2026-05-12-rounds-57-58-polish-bundle.md,170,2026-05-12
ACCEPT,,docs/tasks/archive/2026-05-12-t170-t185-designer-bundle.md,14,2026-05-12
ACCEPT,,docs/tasks/archive/2026-05-12-t170-t185-designer-bundle.md,46,2026-05-12
ACCEPT,T185,docs/tasks/archive/2026-05-12-t170-t185-designer-bundle.md,63,2026-05-12
RATIFIED,,docs/tasks/archive/2026-05-12-t170-t185-designer-bundle.md,70,2026-05-12
RATIFIED,,docs/tasks/archive/2026-05-12-t170-t185-designer-bundle.md,117,2026-05-12
RATIFIED,,docs/tasks/archive/2026-05-12-t170-t185-designer-bundle.md,133,2026-05-12
ACCEPT,,docs/tasks/archive/2026-05-12-t170-t185-designer-bundle.md,142,2026-05-12
RATIFIED,T145a,docs/tasks/archive/2026-05-12-t170-t185-designer-bundle.md,144,2026-05-12
RATIFIED,T143a,docs/tasks/archive/2026-05-12-t170-t185-designer-bundle.md,146,2026-05-12
RATIFIED,T95,docs/tasks/archive/2026-05-12-t180-family-email-narrative-extraction.md,5,2026-05-12
RATIFIED,T95,docs/tasks/archive/2026-05-12-t180-family-email-narrative-extraction.md,68,2026-05-12
ACCEPT,,docs/tasks/archive/2026-05-12-t180-family-email-narrative-extraction.md,156,2026-05-12
RATIFIED,,docs/tasks/archive/2026-05-12-t180-family-email-narrative-extraction.md,183,2026-05-12
RATIFIED,T180,docs/tasks/archive/2026-05-12-t180-family-email-narrative-extraction.md,187,2026-05-12
ACCEPT,T184b,docs/tasks/archive/2026-05-12-t180-family-email-narrative-extraction.md,195,2026-05-12
ACCEPT,T131,docs/tasks/archive/2026-05-12-t180-family-email-narrative-extraction.md,197,2026-05-12
ACCEPT,T131,docs/tasks/archive/2026-05-12-t180-family-email-narrative-extraction.md,197,2026-05-12
CONFIRMED,,docs/tasks/archive/2026-05-12-t198-t199-t207-marker-contract-siblings.md,110,2026-05-12
RATIFIED,T197b,docs/tasks/archive/2026-05-12-t198-t199-t207-marker-contract-siblings.md,114,2026-05-12
RATIFIED,,docs/tasks/archive/2026-05-12-t198-t199-t207-marker-contract-siblings.md,116,2026-05-12
RATIFIED,T199,docs/tasks/archive/2026-05-12-t198-t199-t207-marker-contract-siblings.md,137,2026-05-12
CONFIRMED,,docs/tasks/archive/2026-05-12-t198-t199-t207-marker-contract-siblings.md,149,2026-05-12
RATIFIED,T129,docs/tasks/archive/2026-05-12-t198-t199-t207-marker-contract-siblings.md,170,2026-05-12
RATIFIED,T146,docs/tasks/archive/2026-05-12-t198-t199-t207-marker-contract-siblings.md,191,2026-05-12
RATIFIED,,docs/tasks/archive/2026-05-12-t200-family-nlc-marker-contract.md,105,2026-05-12
RATIFIED,T146,docs/tasks/archive/2026-05-12-t200-family-nlc-marker-contract.md,111,2026-05-12
RATIFIED,,docs/tasks/archive/2026-05-12-t200-family-nlc-marker-contract.md,228,2026-05-12
RATIFIED,T212,docs/tasks/archive/2026-05-12-t212-t213-round65-designer.md,5,2026-05-12
CONFIRMED,,docs/tasks/archive/2026-05-12-t212-t213-round65-designer.md,18,2026-05-12
RATIFIED,,docs/tasks/archive/2026-05-12-t212-t213-round65-designer.md,72,2026-05-12
RATIFIED,T213,docs/tasks/archive/2026-05-12-t212-t213-round65-designer.md,74,2026-05-12
PROMOTED,T212a,docs/tasks/archive/2026-05-12-t212-t213-round65-designer.md,96,2026-05-12
RATIFIED,T215,docs/tasks/archive/2026-05-12-t215-artifact-cache-design.md,1,2026-05-12
RATIFIED,,docs/tasks/archive/2026-05-12-t215-artifact-cache-design.md,4,2026-05-12
RATIFIED,,docs/tasks/archive/2026-05-12-t215-artifact-cache-design.md,14,2026-05-12
RATIFIED,T215b,docs/tasks/archive/2026-05-12-t215-artifact-cache-design.md,52,2026-05-12
RATIFIED,,docs/tasks/archive/2026-05-12-t215-artifact-cache-design.md,55,2026-05-12
RATIFIED,T95,docs/tasks/archive/2026-05-12-t95-family-t151-rounds-32-36.md,5,2026-05-12
RATIFIED,,docs/tasks/archive/2026-05-12-t95-family-t151-rounds-32-36.md,119,2026-05-12
RATIFIED,,docs/tasks/archive/2026-05-12-t95-family-t151-rounds-32-36.md,131,2026-05-12
RATIFIED,T162,docs/tasks/archive/2026-05-12-t95-family-t151-rounds-32-36.md,165,2026-05-12
ACCEPT,,docs/tasks/archive/2026-05-13-mvp-1-1-x-designer-bundle.md,7,2026-05-13
ACCEPT,,docs/tasks/archive/2026-05-13-mvp-1-1-x-designer-bundle.md,14,2026-05-13
RATIFIED,,docs/tasks/archive/2026-05-13-mvp-1-1-x-designer-bundle.md,17,2026-05-13
PROMOTED,,docs/tasks/archive/2026-05-13-mvp-1-1-x-designer-bundle.md,17,2026-05-13
RATIFIED,,docs/tasks/archive/2026-05-13-mvp-1-1-x-designer-bundle.md,20,2026-05-13
ACCEPT,,docs/tasks/archive/2026-05-13-mvp-1-1-x-designer-bundle.md,32,2026-05-13
ACCEPT,,docs/tasks/archive/2026-05-13-mvp-1-1-x-designer-bundle.md,41,2026-05-13
ACCEPT,,docs/tasks/archive/2026-05-13-mvp-1-1-x-designer-bundle.md,90,2026-05-13
RATIFIED,T221,docs/tasks/archive/2026-05-13-mvp-1-1-x-designer-bundle.md,92,2026-05-13
RATIFIED,T217a,docs/tasks/archive/2026-05-13-mvp-1-1-x-designer-bundle.md,106,2026-05-13
PROMOTED,T217a,docs/tasks/archive/2026-05-13-mvp-1-1-x-designer-bundle.md,106,2026-05-13
ACCEPT,,docs/tasks/archive/2026-05-13-round-67-backend-bundle.md,7,2026-05-13
ACCEPT,,docs/tasks/archive/2026-05-13-round-67-backend-bundle.md,14,2026-05-13
ACCEPT,,docs/tasks/archive/2026-05-13-round-67-backend-bundle.md,31,2026-05-13
RATIFIED,,docs/tasks/archive/2026-05-13-round-67-backend-bundle.md,31,2026-05-13
ACCEPT,,docs/tasks/archive/2026-05-13-round-67-backend-bundle.md,39,2026-05-13
ACCEPT,,docs/tasks/archive/2026-05-13-round-67-backend-bundle.md,48,2026-05-13
ACCEPT,,docs/tasks/archive/2026-05-13-round-67-backend-bundle.md,64,2026-05-13
ACCEPT,T185,docs/tasks/archive/2026-05-13-round-67-backend-bundle.md,68,2026-05-13
ACCEPT,,docs/tasks/archive/2026-05-13-round-67-backend-bundle.md,88,2026-05-13
RATIFIED,,docs/tasks/archive/2026-05-13-round-67-backend-bundle.md,88,2026-05-13
ACCEPT,T218,docs/tasks/archive/2026-05-13-round-67-backend-bundle.md,99,2026-05-13
RATIFIED,,docs/tasks/archive/2026-05-13-round-67-backend-bundle.md,119,2026-05-13
ACCEPT,,docs/tasks/archive/2026-05-13-round-67-backend-bundle.md,133,2026-05-13
RATIFIED,T221,docs/tasks/archive/2026-05-13-round-67-backend-bundle.md,160,2026-05-13
RATIFIED,T215a,docs/tasks/archive/2026-05-13-round-67-backend-bundle.md,162,2026-05-13
ACCEPT,,docs/tasks/archive/2026-05-13-round-69-backend-bundle.md,6,2026-05-13
RATIFIED,,docs/tasks/archive/2026-05-13-round-69-backend-bundle.md,20,2026-05-13
RATIFIED,,docs/tasks/archive/2026-05-13-round-69-backend-bundle.md,31,2026-05-13
RATIFIED,T221,docs/tasks/archive/2026-05-13-round-69-backend-bundle.md,41,2026-05-13
RATIFIED,,docs/tasks/archive/2026-05-13-round-69-backend-bundle.md,50,2026-05-13
RATIFIED,T221,docs/tasks/archive/2026-05-13-round-69-backend-bundle.md,104,2026-05-13
RATIFIED,T221,docs/tasks/archive/2026-05-13-round-69-backend-bundle.md,137,2026-05-13
RATIFIED,,docs/tasks/archive/2026-05-13-round-69-backend-bundle.md,139,2026-05-13
RATIFIED,,docs/tasks/archive/2026-05-13-round-69-backend-bundle.md,141,2026-05-13
RATIFIED,T221,docs/tasks/archive/2026-05-13-round-69-backend-bundle.md,158,2026-05-13
RATIFIED,T221,docs/tasks/archive/2026-05-13-round-69-backend-bundle.md,163,2026-05-13
RATIFIED,T221,docs/tasks/archive/2026-05-13-round-69-backend-bundle.md,169,2026-05-13
ACCEPT,,docs/tasks/archive/2026-05-13-t222-04-t217a-bundle.md,5,2026-05-13
ACCEPT,,docs/tasks/archive/2026-05-13-t222-04-t217a-bundle.md,37,2026-05-13
ACCEPT,,docs/tasks/archive/2026-05-13-t222-04-t217a-bundle.md,39,2026-05-13
ACCEPT,,docs/tasks/archive/2026-05-13-t222-04-t217a-bundle.md,67,2026-05-13
ACCEPT,T217,docs/tasks/archive/2026-05-13-t222-04-t217a-bundle.md,69,2026-05-13
RATIFIED,,docs/tasks/archive/2026-05-13-t222-04-t217a-bundle.md,117,2026-05-13
ACCEPT,,docs/tasks/archive/2026-05-14-round-71-mvp-1-2-backend-bundle.md,6,2026-05-14
RATIFIED,,docs/tasks/archive/2026-05-14-round-71-mvp-1-2-backend-bundle.md,40,2026-05-14
ACCEPT,T218,docs/tasks/archive/2026-05-14-round-71-mvp-1-2-backend-bundle.md,122,2026-05-14
ACCEPT,T218,docs/tasks/archive/2026-05-14-round-71-mvp-1-2-backend-bundle.md,123,2026-05-14
RATIFIED,T218,docs/tasks/archive/2026-05-14-round-71-mvp-1-2-backend-bundle.md,123,2026-05-14
RATIFIED,T218,docs/tasks/archive/2026-05-14-round-71-mvp-1-2-backend-bundle.md,123,2026-05-14
ACCEPT,T218,docs/tasks/archive/2026-05-14-round-71-mvp-1-2-backend-bundle.md,124,2026-05-14
ACCEPT,T185,docs/tasks/archive/2026-05-14-round-71-mvp-1-2-backend-bundle.md,125,2026-05-14
ACCEPT,T221,docs/tasks/archive/2026-05-14-round-71-mvp-1-2-backend-bundle.md,126,2026-05-14
RATIFIED,T185,docs/tasks/archive/2026-05-14-round-71-mvp-1-2-backend-bundle.md,133,2026-05-14
RATIFIED,,docs/tasks/archive/2026-05-14-round-71-mvp-1-2-backend-bundle.md,142,2026-05-14
ACCEPT,,docs/tasks/archive/2026-05-14-round-71-mvp-1-2-backend-bundle.md,167,2026-05-14
ACCEPT,T218,docs/tasks/archive/2026-05-14-round-71-mvp-1-2-backend-bundle.md,168,2026-05-14
ACCEPT,,docs/tasks/archive/2026-05-14-round-72-designer-half-plus-dev-round2.md,6,2026-05-14
ACCEPT,T221,docs/tasks/archive/2026-05-14-round-72-designer-half-plus-dev-round2.md,132,2026-05-14
ACCEPT,T218,docs/tasks/archive/2026-05-14-round-72-designer-half-plus-dev-round2.md,133,2026-05-14
ACCEPT,T218,docs/tasks/archive/2026-05-14-round-72-designer-half-plus-dev-round2.md,134,2026-05-14
ACCEPT,T185,docs/tasks/archive/2026-05-14-round-72-designer-half-plus-dev-round2.md,135,2026-05-14
ACCEPT,T218,docs/tasks/archive/2026-05-14-round-72-designer-half-plus-dev-round2.md,136,2026-05-14
CONFIRMED,,docs/tasks/archive/2026-05-14-round-72-designer-half-plus-dev-round2.md,142,2026-05-14
RATIFIED,T95,docs/tasks/archive/2026-05-14-round-72-designer-half-plus-dev-round2.md,143,2026-05-14
RATIFIED,T218,docs/tasks/archive/2026-05-14-round-72-designer-half-plus-dev-round2.md,146,2026-05-14
RATIFIED,,docs/tasks/archive/2026-05-14-round-72-designer-half-plus-dev-round2.md,151,2026-05-14
RATIFIED,,docs/tasks/archive/2026-05-14-round-72-designer-half-plus-dev-round2.md,156,2026-05-14
RATIFIED,T218,docs/tasks/archive/2026-05-14-round-72-designer-half-plus-dev-round2.md,163,2026-05-14
RATIFIED,,docs/tasks/archive/2026-05-14-round-72-designer-half-plus-dev-round2.md,167,2026-05-14
RATIFIED,,docs/tasks/archive/2026-05-14-round-72-designer-half-plus-dev-round2.md,167,2026-05-14
ACCEPT,,docs/tasks/archive/2026-05-14-t218-p1-p2-date-normalizer-refactor.md,7,2026-05-14
ACCEPT,,docs/tasks/archive/2026-05-14-t218-p1-p2-date-normalizer-refactor.md,37,2026-05-14
RATIFIED,T218,docs/tasks/archive/2026-05-14-t218-p1-p2-date-normalizer-refactor.md,52,2026-05-14
ACCEPT,,docs/tasks/archive/2026-05-15-round-72-prod-gate4-mvp-1-2-shipped.md,187,2026-05-15
ACCEPT,T218,docs/tasks/archive/2026-05-15-round-72-prod-gate4-mvp-1-2-shipped.md,194,2026-05-15
ACCEPT,,docs/tasks/archive/2026-05-15-round-73-hotfix-batch-1.md,6,2026-05-15
ACCEPT,T221,docs/tasks/archive/2026-05-15-round-73-hotfix-batch-1.md,14,2026-05-15
ACCEPT,T218,docs/tasks/archive/2026-05-15-round-73-hotfix-batch-1.md,15,2026-05-15
ACCEPT,T221,docs/tasks/archive/2026-05-15-round-73-hotfix-batch-1.md,45,2026-05-15
ACCEPT,T218,docs/tasks/archive/2026-05-15-round-73-hotfix-batch-1.md,76,2026-05-15
ACCEPT,,docs/tasks/archive/2026-05-15-round-73-hotfix-batch-2.md,6,2026-05-15
ACCEPT,T218,docs/tasks/archive/2026-05-15-round-73-hotfix-batch-2.md,14,2026-05-15
ACCEPT,,docs/tasks/archive/2026-05-15-round-73-hotfix-batch-2.md,49,2026-05-15
RATIFIED,,docs/tasks/archive/2026-05-15-round-73-hotfix-batch-2.md,59,2026-05-15
ACCEPT,,docs/tasks/archive/2026-05-15-round-73-hotfix-batch-2.md,99,2026-05-15
RATIFIED,T185,docs/tasks/archive/2026-05-15-round-73-hotfix-batch-2.md,111,2026-05-15
RATIFIED,,docs/tasks/archive/2026-05-15-round-73-hotfix-batch-2.md,116,2026-05-15
RATIFIED,T185,docs/tasks/archive/2026-05-15-round-73-hotfix-batch-2.md,143,2026-05-15
ACCEPT,,docs/tasks/archive/2026-05-15-round-74-fix2-batch.md,1,2026-05-15
ACCEPT,T218,docs/tasks/archive/2026-05-15-round-74-fix2-batch.md,6,2026-05-15
RATIFIED,T218,docs/tasks/archive/2026-05-15-round-74-fix2-batch.md,6,2026-05-15
ACCEPT,T218,docs/tasks/archive/2026-05-15-round-74-fix2-batch.md,14,2026-05-15
ACCEPT,T218,docs/tasks/archive/2026-05-15-round-74-fix2-batch.md,15,2026-05-15
RATIFIED,T221,docs/tasks/archive/2026-05-15-round-74-fix2-batch.md,16,2026-05-15
ACCEPT,T218,docs/tasks/archive/2026-05-15-round-74-fix2-batch.md,32,2026-05-15
ACCEPT,T218,docs/tasks/archive/2026-05-15-round-74-fix2-batch.md,34,2026-05-15
ACCEPT,,docs/tasks/archive/2026-05-15-round-74-fix2-batch.md,44,2026-05-15
RATIFIED,T221,docs/tasks/archive/2026-05-15-round-74-fix2-batch.md,48,2026-05-15
RATIFIED,,docs/tasks/archive/2026-05-15-round-74-fix2-batch.md,64,2026-05-15
RATIFIED,,docs/tasks/archive/2026-05-15-round-74-fix2-batch.md,64,2026-05-15
RATIFIED,T221,docs/tasks/archive/2026-05-15-round-74-fix2-batch.md,73,2026-05-15
RATIFIED,,docs/tasks/archive/2026-05-15-round-74-fix2-batch.md,79,2026-05-15
RATIFIED,,docs/tasks/archive/2026-05-15-round-74-fix2-batch.md,79,2026-05-15
ACCEPT,,docs/tasks/archive/2026-05-15-round-74-fix2-batch.md,82,2026-05-15
RATIFIED,T221,docs/tasks/archive/2026-05-15-round-74-fix2-batch.md,100,2026-05-15
ACCEPT,,docs/tasks/archive/2026-05-15-round-74-p1-batch.md,6,2026-05-15
ACCEPT,T218,docs/tasks/archive/2026-05-15-round-74-p1-batch.md,10,2026-05-15
ACCEPT,T221,docs/tasks/archive/2026-05-15-round-74-p1-batch.md,24,2026-05-15
FALSIFIED,,docs/tasks/archive/2026-05-15-round-74-p1-batch.md,26,2026-05-15
RATIFIED,,docs/tasks/archive/2026-05-15-round-74-p1-batch.md,26,2026-05-15
RATIFIED,,docs/tasks/archive/2026-05-15-round-74-p1-batch.md,38,2026-05-15
ACCEPT,T185,docs/tasks/archive/2026-05-15-round-74-t185-save-trigger-backend.md,6,2026-05-15
ACCEPT,,docs/tasks/archive/2026-05-15-round-74-t185-save-trigger-backend.md,25,2026-05-15
ACCEPT,T185,docs/tasks/archive/2026-05-15-round-74-t185-save-trigger-backend.md,27,2026-05-15
RATIFIED,,docs/tasks/archive/2026-05-15-round-74-t185-save-trigger-backend.md,32,2026-05-15
ACCEPT,T185,docs/tasks/archive/2026-05-15-round-74-t185-save-trigger-backend.md,36,2026-05-15
ACCEPT,,docs/tasks/archive/2026-05-15-round-74-t185-save-trigger-backend.md,40,2026-05-15
ACCEPT,T185,docs/tasks/archive/2026-05-15-round-74-t185-save-trigger-backend.md,44,2026-05-15
RATIFIED,T185,docs/tasks/archive/2026-05-15-round-74-t185-save-trigger-backend.md,44,2026-05-15
ACCEPT,,docs/tasks/archive/2026-05-18-round-74-prod-gate4.md,9,2026-05-18
CONFIRMED,T185,docs/tasks/archive/2026-05-18-round-74-prod-gate4.md,41,2026-05-18
CONFIRMED,,docs/tasks/archive/2026-05-18-round-74-prod-gate4.md,46,2026-05-18
RATIFIED,T218,docs/tasks/archive/2026-05-18-round-74-prod-gate4.md,55,2026-05-18
ACCEPT,T218,docs/tasks/archive/2026-05-20-round-75-prod-gate4.md,6,2026-05-20
ACCEPT,,docs/tasks/archive/2026-05-20-round-75-prod-gate4.md,7,2026-05-20
ACCEPT,T218,docs/tasks/archive/2026-05-20-round-75-prod-gate4.md,8,2026-05-20
RATIFIED,T218,docs/tasks/archive/2026-05-20-round-75-prod-gate4.md,39,2026-05-20
ACCEPT,,docs/tasks/archive/2026-05-20-round-76-batch.md,6,2026-05-20
ACCEPT,T222,docs/tasks/archive/2026-05-20-round-76-batch.md,15,2026-05-20
ACCEPT,T203,docs/tasks/archive/2026-05-20-round-76-batch.md,16,2026-05-20
ACCEPT,T205,docs/tasks/archive/2026-05-20-round-76-batch.md,17,2026-05-20
ACCEPT,,docs/tasks/archive/2026-05-21-round-77-batch.md,3,2026-05-21
ACCEPT,,docs/tasks/archive/2026-05-21-round-77-batch.md,122,2026-05-21
ACCEPT,T226,docs/tasks/archive/2026-05-21-round-77-batch.md,126,2026-05-21
ACCEPT,T203a,docs/tasks/archive/2026-05-21-round-77-batch.md,127,2026-05-21
ACCEPT,T225,docs/tasks/archive/2026-05-21-round-77-batch.md,128,2026-05-21
ACCEPT,,docs/tasks/archive/2026-05-21-round-77-batch.md,140,2026-05-21
ACCEPT,,docs/tasks/archive/2026-05-21-round-77-batch.md,160,2026-05-21
ACCEPT,,docs/tasks/archive/2026-05-21-round-77-batch.md,209,2026-05-21
RATIFIED,,docs/tasks/archive/2026-05-21-round-77-batch.md,215,2026-05-21
ACCEPT,T226,docs/tasks/archive/2026-05-21-round-77-batch.md,229,2026-05-21
ACCEPT,T203a,docs/tasks/archive/2026-05-21-round-77-batch.md,230,2026-05-21
ACCEPT,T225,docs/tasks/archive/2026-05-21-round-77-batch.md,231,2026-05-21
ACCEPT,T227,docs/tasks/archive/2026-05-21-round-77-batch.md,232,2026-05-21
ACCEPT,T228,docs/tasks/archive/2026-05-21-round-77-batch.md,233,2026-05-21
ACCEPT,T229,docs/tasks/archive/2026-05-21-round-77-batch.md,234,2026-05-21
ACCEPT,,docs/tasks/archive/2026-05-22-round-78-batch.md,22,2026-05-22
ACCEPT,,docs/tasks/archive/2026-05-22-round-78-batch.md,37,2026-05-22
ACCEPT,T232,docs/tasks/archive/2026-05-22-round-78-batch.md,47,2026-05-22
ACCEPT,,docs/tasks/archive/2026-05-22-round-78-batch.md,49,2026-05-22
ACCEPT,T232,docs/tasks/archive/2026-05-22-round-78-batch.md,52,2026-05-22
ACCEPT,,docs/tasks/archive/2026-05-22-round-78-batch.md,63,2026-05-22
ACCEPT,T231,docs/tasks/archive/2026-05-22-round-78-batch.md,65,2026-05-22
ACCEPT,,docs/tasks/archive/2026-05-22-round-78-batch.md,80,2026-05-22
ACCEPT,,docs/tasks/archive/2026-05-22-round-78-batch.md,93,2026-05-22
ACCEPT,,docs/tasks/archive/2026-05-22-round-78-batch.md,107,2026-05-22
ACCEPT,,docs/tasks/archive/2026-05-22-round-78-batch.md,117,2026-05-22
ACCEPT,T230,docs/tasks/archive/2026-05-22-round-78-batch.md,123,2026-05-22
ACCEPT,T226a,docs/tasks/archive/2026-05-22-round-78-batch.md,124,2026-05-22
ACCEPT,T232,docs/tasks/archive/2026-05-22-round-78-batch.md,125,2026-05-22
ACCEPT,T231,docs/tasks/archive/2026-05-22-round-78-batch.md,126,2026-05-22
ACCEPT,T230a,docs/tasks/archive/2026-05-22-round-78-batch.md,127,2026-05-22
ACCEPT,T234,docs/tasks/archive/2026-05-22-round-78-batch.md,128,2026-05-22
ACCEPT,T233,docs/tasks/archive/2026-05-22-round-78-batch.md,129,2026-05-22
ACCEPT,T233a,docs/tasks/archive/2026-05-22-round-78-batch.md,130,2026-05-22
ACCEPT,,docs/tasks/archive/2026-05-24-t236-marketing-pricing-i18n.md,57,2026-05-24
ACCEPT,,docs/tasks/archive/2026-05-24-t236-marketing-pricing-i18n.md,59,2026-05-24
ACCEPT,T236,docs/tasks/archive/2026-05-24-t236-marketing-pricing-i18n.md,68,2026-05-24
ACCEPT,,docs/tasks/archive/2026-05-24-t237-marketing-reviewer-updates.md,65,2026-05-24
ACCEPT,,docs/tasks/archive/2026-05-24-t237-marketing-reviewer-updates.md,67,2026-05-24
PROMOTED,T238,docs/tasks/archive/2026-05-24-t237-marketing-reviewer-updates.md,82,2026-05-24
ACCEPT,,docs/tasks/archive/2026-05-29-t226b-governance-audit-dedup-fold.md,4,2026-05-29
CONFIRMED,,docs/tasks/archive/2026-05-29-t226b-governance-audit-dedup-fold.md,15,2026-05-29
ACCEPT,,docs/tasks/archive/2026-05-29-t239-date-disambiguation-dispatch.md,4,2026-05-29
ACCEPT,,docs/tasks/archive/2026-05-29-t239-date-disambiguation-dispatch.md,24,2026-05-29
RATIFIED,,docs/tasks/archive/2026-05-29-t239-date-disambiguation-dispatch.md,32,2026-05-29
ACCEPT,T220b,docs/tasks/archive/2026-06-03-mvp-1.3-batch.md,52,2026-06-03
RATIFIED,T220b,docs/tasks/archive/2026-06-03-mvp-1.3-batch.md,52,2026-06-03
PROMOTED,,docs/tasks/archive/2026-06-04-demo-prep-batch.md,37,2026-06-04
RATIFIED,T290,docs/tasks/archive/2026-06-05-demo-prep-bundle.md,15,2026-06-05
ACCEPT,,docs/tasks/archive/2026-06-05-demo-prep-bundle.md,21,2026-06-05
RATIFIED,,docs/tasks/archive/2026-06-05-demo-prep-bundle.md,67,2026-06-05
FALSIFIED,T219,docs/tasks/archive/2026-06-11-mvp-1.4-pool-stack-v1.4.1.md,28,2026-06-11
CONFIRMED,T298,docs/tasks/archive/2026-06-11-mvp-1.4-pool-stack-v1.4.1.md,41,2026-06-11
CONFIRMED,T303,docs/tasks/archive/2026-06-11-mvp-1.4-pool-stack-v1.4.1.md,44,2026-06-11
FALSIFIED,T306,docs/tasks/archive/2026-06-11-mvp-1.4-pool-stack-v1.4.1.md,46,2026-06-11
CONFIRMED,T306,docs/tasks/archive/2026-06-11-mvp-1.4-pool-stack-v1.4.1.md,46,2026-06-11
CONFIRMED,T301,docs/tasks/archive/2026-06-11-mvp-1.4-pool-stack-v1.4.1.md,58,2026-06-11
ACCEPT,T286,docs/tasks/archive/2026-06-12-baseline-zero-docs-and-polish-sweep.md,21,2026-06-12
FALSIFIED,T286,docs/tasks/archive/2026-06-12-baseline-zero-docs-and-polish-sweep.md,21,2026-06-12
FALSIFIED,T288,docs/tasks/archive/2026-06-12-baseline-zero-docs-and-polish-sweep.md,26,2026-06-12
ACCEPT,T292,docs/tasks/archive/2026-06-12-baseline-zero-docs-and-polish-sweep.md,35,2026-06-12
ACCEPT,T292,docs/tasks/archive/2026-06-12-baseline-zero-docs-and-polish-sweep.md,37,2026-06-12
RATIFIED,T292,docs/tasks/archive/2026-06-12-baseline-zero-docs-and-polish-sweep.md,37,2026-06-12
ACCEPT,T293,docs/tasks/archive/2026-06-12-baseline-zero-docs-and-polish-sweep.md,38,2026-06-12
CONFIRMED,T293,docs/tasks/archive/2026-06-12-baseline-zero-docs-and-polish-sweep.md,38,2026-06-12
ACCEPT,T249,docs/tasks/archive/2026-06-12-baseline-zero-docs-and-polish-sweep.md,50,2026-06-12
ACCEPT,T249,docs/tasks/archive/2026-06-12-baseline-zero-docs-and-polish-sweep.md,52,2026-06-12
RATIFIED,T239,docs/tasks/archive/2026-06-12-baseline-zero-docs-and-polish-sweep.md,61,2026-06-12
FALSIFIED,T316d,docs/tasks/archive/2026-06-13-t316a-t316b-t316c-t316d-mobile-companion-v1.md,61,2026-06-13
ACCEPT,,docs/tasks/archive/2026-06-17-companion-v1.3-action-lens.md,3,2026-06-17
ACCEPT,,docs/tasks/archive/2026-06-17-companion-v1.3-action-lens.md,4,2026-06-17
ACCEPT,T343,docs/tasks/archive/2026-06-17-h-slice1-and-persistence-batch.md,5,2026-06-17
CONFIRMED,T219,docs/tasks/archive/2026-06-17-h-slice1-and-persistence-batch.md,36,2026-06-17
ACCEPT,,docs/tasks/archive/2026-06-17-t342-gate-cta-contrast.md,4,2026-06-17
PROMOTED,,docs/tasks/archive/2026-06-17-t342-gate-cta-contrast.md,43,2026-06-17
ACCEPT,,docs/tasks/archive/2026-06-17-t352-payment-schedule-post-activation.md,4,2026-06-17
RATIFIED,T344,docs/tasks/archive/2026-06-17-t352-payment-schedule-post-activation.md,8,2026-06-17
ACCEPT,,docs/tasks/archive/2026-06-18-companion-v1.4-action-orientation.md,3,2026-06-18
ACCEPT,,docs/tasks/archive/2026-06-18-companion-v1.4-action-orientation.md,4,2026-06-18
ACCEPT,T359,docs/tasks/archive/2026-06-18-companion-v1.4-polish-and-ux-review.md,4,2026-06-18
ACCEPT,T359,docs/tasks/archive/2026-06-18-companion-v1.4-polish-and-ux-review.md,4,2026-06-18
ACCEPT,T359,docs/tasks/archive/2026-06-18-companion-v1.4-polish-and-ux-review.md,32,2026-06-18
ACCEPT,T362,docs/tasks/archive/2026-06-18-companion-v1.5-ux-findings-batch.md,4,2026-06-18
ACCEPT,T364,docs/tasks/archive/2026-06-18-companion-v1.5-ux-findings-batch.md,30,2026-06-18
ACCEPT,,docs/tasks/archive/2026-06-18-t367-companion-visual-fidelity.md,4,2026-06-18
ACCEPT,,docs/tasks/archive/2026-06-18-t367-companion-visual-fidelity.md,32,2026-06-18
ACCEPT,,docs/tasks/archive/2026-06-19-t369-activation-baseline.md,4,2026-06-19
ACCEPT,,docs/tasks/archive/2026-06-19-t370-progress-js-engine.md,4,2026-06-19
RATIFIED,,docs/tasks/archive/2026-06-19-t370-progress-js-engine.md,15,2026-06-19
RATIFIED,,docs/tasks/archive/2026-06-19-t370-progress-js-engine.md,24,2026-06-19
RATIFIED,,docs/tasks/archive/2026-06-19-t370-progress-js-engine.md,25,2026-06-19
ACCEPT,,docs/tasks/archive/2026-06-19-t371-milestone-marks-persistence.md,4,2026-06-19
ACCEPT,,docs/tasks/archive/2026-06-19-t372-mark-gesture.md,4,2026-06-19
RATIFIED,,docs/tasks/archive/2026-06-19-t372-mark-gesture.md,19,2026-06-19
RATIFIED,,docs/tasks/archive/2026-06-19-t372-mark-gesture.md,20,2026-06-19
ACCEPT,,docs/tasks/archive/2026-06-19-t373-t375-d3-d5-batch.md,4,2026-06-19
ACCEPT,,docs/tasks/archive/2026-06-19-t373-t375-d3-d5-batch.md,19,2026-06-19
ACCEPT,T376,docs/tasks/archive/2026-06-19-t373-t375-d3-d5-batch.md,20,2026-06-19
ACCEPT,T394,docs/tasks/archive/2026-06-20-s1.1-gate-completion-batch.md,3,2026-06-20
ACCEPT,,docs/tasks/archive/2026-06-20-t377-type-aware-status-behind-anchors.md,4,2026-06-20
ACCEPT,,docs/tasks/archive/2026-06-20-t378-needs-update-highlight.md,4,2026-06-20
ACCEPT,T379,docs/tasks/archive/2026-06-20-t379-baseline-on-edit-reactivation.md,4,2026-06-20
ACCEPT,,docs/tasks/archive/2026-06-20-t380-milestone-composite-identity.md,4,2026-06-20
ACCEPT,,docs/tasks/archive/2026-06-20-t381-t376-s1-designer-surfaces-tail.md,3,2026-06-20
ACCEPT,,docs/tasks/archive/2026-06-20-t382-parked-deliverable-survives-gold-rebuild.md,4,2026-06-20
ACCEPT,T392,docs/tasks/archive/2026-06-20-t392-date-confidence-provenance.md,3,2026-06-20
ACCEPT,,docs/tasks/archive/2026-06-21-t395-chat-staticmethod-self-nameerror.md,3,2026-06-21
FALSIFIED,,docs/tasks/archive/2026-06-21-t395-chat-staticmethod-self-nameerror.md,7,2026-06-21
ACCEPT,,docs/tasks/archive/2026-06-21-t398-portfolio-sort-derived-value.md,3,2026-06-21
ACCEPT,,docs/tasks/archive/2026-06-24-t399a-t399b-companion-schedule-honesty-payment-budget.md,5,2026-06-24
ACCEPT,T400,docs/tasks/archive/2026-06-24-t399a-t399b-companion-schedule-honesty-payment-budget.md,46,2026-06-24
ACCEPT,,docs/tasks/archive/2026-06-25-t401-s2-1-delay-analysis-reasoner-endpoint.md,3,2026-06-25
ACCEPT,,docs/tasks/archive/2026-06-25-t402-s2-1-companion-delay-analysis-surface.md,3,2026-06-25
ACCEPT,T399,docs/tasks/archive/2026-06-25-t402-s2-1-companion-delay-analysis-surface.md,32,2026-06-25
ACCEPT,T401,docs/tasks/archive/2026-06-25-t403-localization-wave-t404-ocr.md,3,2026-06-25
ACCEPT,,docs/tasks/archive/2026-06-25-t403-localization-wave-t404-ocr.md,27,2026-06-25
ACCEPT,,docs/tasks/archive/2026-06-25-t403-localization-wave-t404-ocr.md,37,2026-06-25
ACCEPT,,docs/tasks/archive/2026-06-25-t403-localization-wave-t404-ocr.md,41,2026-06-25
ACCEPT,,docs/tasks/archive/2026-06-26-t406a-t406b-intake-localization-keystone-catalog.md,3,2026-06-26
ACCEPT,,docs/tasks/archive/2026-06-26-t406a-t406b-intake-localization-keystone-catalog.md,15,2026-06-26
ACCEPT,,docs/tasks/archive/2026-06-26-t406a-t406b-intake-localization-keystone-catalog.md,23,2026-06-26
ACCEPT,,docs/tasks/archive/2026-06-26-t406a-t406b-intake-localization-keystone-catalog.md,40,2026-06-26
ACCEPT,,docs/tasks/archive/2026-06-27-t411-fr-intake-thread-test.md,4,2026-06-27
ACCEPT,,docs/tasks/archive/2026-06-27-t412-t414-t415-t416-t417-fr-es-intake-localization-complete.md,6,2026-06-27
ACCEPT,,docs/tasks/archive/2026-06-27-t412-t414-t415-t416-t417-fr-es-intake-localization-complete.md,6,2026-06-27
ACCEPT,T579,docs/tasks/archive/2026-06-27-t412-t414-t415-t416-t417-fr-es-intake-localization-complete.md,7,2026-06-27
ACCEPT,T414,docs/tasks/archive/2026-06-27-t412-t414-t415-t416-t417-fr-es-intake-localization-complete.md,44,2026-06-27
ACCEPT,T417,docs/tasks/archive/2026-06-27-t412-t414-t415-t416-t417-fr-es-intake-localization-complete.md,50,2026-06-27
ACCEPT,T415,docs/tasks/archive/2026-06-27-t412-t414-t415-t416-t417-fr-es-intake-localization-complete.md,56,2026-06-27
ACCEPT,T416,docs/tasks/archive/2026-06-27-t412-t414-t415-t416-t417-fr-es-intake-localization-complete.md,59,2026-06-27
ACCEPT,T387,docs/tasks/archive/2026-06-29-t387-two-eyes-fullstack-smoke.md,18,2026-06-29
ACCEPT,T390a,docs/tasks/archive/2026-06-29-t390-durable-milestone-stable-id.md,13,2026-06-29
ACCEPT,T390b,docs/tasks/archive/2026-06-29-t390-durable-milestone-stable-id.md,18,2026-06-29
ACCEPT,,docs/tasks/archive/2026-06-30-t386-phase1-eval-band-extraction-baseline.md,5,2026-06-30
ACCEPT,T386,docs/tasks/archive/2026-06-30-t386-phase1-eval-band-extraction-baseline.md,34,2026-06-30
ACCEPT,T386,docs/tasks/archive/2026-06-30-t386-phase1-eval-band-extraction-baseline.md,38,2026-06-30
ACCEPT,T386,docs/tasks/archive/2026-06-30-t386-phase1-eval-band-extraction-baseline.md,40,2026-06-30
ACCEPT,T386,docs/tasks/archive/2026-06-30-t386-phase1-eval-band-extraction-baseline.md,42,2026-06-30
ACCEPT,,docs/tasks/archive/2026-06-30-t428-real-llm-date-in-title.md,4,2026-06-30
ACCEPT,,docs/tasks/archive/2026-06-30-t428-real-llm-date-in-title.md,24,2026-06-30
ACCEPT,,docs/tasks/archive/2026-06-30-t428-real-llm-date-in-title.md,24,2026-06-30
ACCEPT,T386,docs/tasks/archive/2026-07-01-t384-adp-1.2-pilot-review.md,23,2026-07-01
ACCEPT,T388,docs/tasks/archive/2026-07-01-t384-adp-1.2-pilot-review.md,33,2026-07-01
UN_ADOPTED,,docs/tasks/archive/2026-07-01-t384-adp-1.2-pilot-review.md,37,2026-07-01
ACCEPT,,docs/tasks/archive/2026-07-01-t388-governance-dedup-role-collapse-consolidation.md,3,2026-07-01
ACCEPT,,docs/tasks/archive/2026-07-02-t427b-status-report-baseline-delta.md,3,2026-07-02
ACCEPT,,docs/tasks/archive/2026-07-02-t427b-status-report-baseline-delta.md,19,2026-07-02
ACCEPT,,docs/tasks/archive/2026-07-03-t427c-shareable-report-link.md,3,2026-07-03
ACCEPT,,docs/tasks/archive/2026-07-03-t427c-shareable-report-link.md,23,2026-07-03
ACCEPT,,docs/tasks/archive/2026-07-03-t427d-status-report-last-report-delta.md,3,2026-07-03
ACCEPT,,docs/tasks/archive/2026-07-03-t427d-status-report-last-report-delta.md,17,2026-07-03
RATIFIED,,docs/tasks/archive/2026-07-04-adp-continuous-improvement-review.md,27,2026-07-04
ACCEPT,,docs/tasks/archive/2026-07-04-t427e-drift-warning-ack.md,6,2026-07-04
ACCEPT,T427e,docs/tasks/archive/2026-07-04-t427e-fix-rules-of-hooks.md,22,2026-07-04
ACCEPT,,docs/tasks/archive/2026-07-04-t427e-fix-rules-of-hooks.md,46,2026-07-04
ACCEPT,,docs/tasks/archive/2026-07-04-t427g-portfolio-canvas-live-health.md,6,2026-07-04
ACCEPT,,docs/tasks/archive/2026-07-04-t427h-companion-drift-warning-sign.md,4,2026-07-04
ACCEPT,,docs/tasks/archive/2026-07-31-t430-internal-project-mode.md,3,2026-07-31
ACCEPT,,docs/tasks/archive/2026-07-31-t434-t435-ip2-internal-project-affordance.md,3,2026-07-31
ACCEPT,T434,docs/tasks/archive/2026-07-31-t434-t435-ip2-internal-project-affordance.md,11,2026-07-31
ACCEPT,T435,docs/tasks/archive/2026-07-31-t434-t435-ip2-internal-project-affordance.md,13,2026-07-31
ACCEPT,,docs/tasks/archive/2026-07-31-t437a-t437c-fr-es-leak-fixes.md,3,2026-07-31
ACCEPT,T437a,docs/tasks/archive/2026-07-31-t437a-t437c-fr-es-leak-fixes.md,11,2026-07-31
ACCEPT,T437c,docs/tasks/archive/2026-07-31-t437a-t437c-fr-es-leak-fixes.md,12,2026-07-31
ACCEPT,,docs/tasks/archive/2026-07-31-t437b-t437d-chat-seam-and-lint-net.md,3,2026-07-31
ACCEPT,T437b,docs/tasks/archive/2026-07-31-t437b-t437d-chat-seam-and-lint-net.md,11,2026-07-31
ACCEPT,T435,docs/tasks/archive/2026-07-31-t437b-t437d-chat-seam-and-lint-net.md,12,2026-07-31
ACCEPT,T437d,docs/tasks/archive/2026-07-31-t437b-t437d-chat-seam-and-lint-net.md,13,2026-07-31
RATIFIED,,docs/tasks/archive/2026-07-31-t437b-t437d-chat-seam-and-lint-net.md,38,2026-07-31
RATIFIED,T435,docs/tasks/archive/2026-07-31-t437b-t437d-chat-seam-and-lint-net.md,40,2026-07-31
RATIFIED,,docs/tasks/archive/2026-07-31-t437b-t437d-chat-seam-and-lint-net.md,64,2026-07-31
ACCEPT,T441,docs/tasks/archive/2026-08-01-t441-t442-es-demo-readiness.md,3,2026-08-01
ACCEPT,T441,docs/tasks/archive/2026-08-01-t441-t442-es-demo-readiness.md,3,2026-08-01
ACCEPT,T441,docs/tasks/archive/2026-08-01-t441-t442-es-demo-readiness.md,9,2026-08-01
ACCEPT,T442,docs/tasks/archive/2026-08-01-t441-t442-es-demo-readiness.md,38,2026-08-01
RATIFIED,,docs/tasks/archive/2026-08-01-t441-t442-es-demo-readiness.md,65,2026-08-01
ACCEPT,,docs/tasks/archive/2026-08-01-t442b-es-chrome-sweep-remainder.md,3,2026-08-01
RATIFIED,,docs/tasks/archive/2026-08-01-t442b-es-chrome-sweep-remainder.md,57,2026-08-01
ACCEPT,,docs/tasks/archive/2026-08-02-t441b-t430b-first-turn-path.md,5,2026-08-02
CONFIRMED,T441b,docs/tasks/archive/2026-08-02-t441b-t430b-first-turn-path.md,65,2026-08-02
ACCEPT,,docs/tasks/archive/2026-08-02-t442c-t442c-spec-prose-leak-gate.md,3,2026-08-02
ACCEPT,T437,docs/tasks/archive/2026-08-02-t442c-t442c-spec-prose-leak-gate.md,78,2026-08-02
ACCEPT,T437,docs/tasks/archive/2026-08-02-t442c-t442c-spec-prose-leak-gate.md,78,2026-08-02
ACCEPT,,docs/tasks/archive/2026-08-02-t442f-fullstack-suite-readable-again.md,3,2026-08-02
ACCEPT,T446,docs/tasks/archive/2026-08-02-t446-t447-t447a-closure-c1.md,6,2026-08-02
ACCEPT,T446,docs/tasks/archive/2026-08-02-t446-t447-t447a-closure-c1.md,6,2026-08-02
ACCEPT,T446,docs/tasks/archive/2026-08-02-t446-t447-t447a-closure-c1.md,6,2026-08-02
RATIFIED,,docs/tasks/archive/2026-08-02-t446-t447-t447a-closure-c1.md,44,2026-08-02
RATIFIED,,docs/tasks/archive/2026-08-02-t446-t447-t447a-closure-c1.md,67,2026-08-02
PROMOTED,T450,docs/tasks/archive/2026-08-02-t446-t447-t447a-closure-c1.md,100,2026-08-02
ACCEPT,,docs/tasks/archive/2026-08-02-t446-t447-t447a-closure-c1.md,130,2026-08-02
ACCEPT,,docs/tasks/archive/2026-08-02-t449-activated-edit-locale.md,4,2026-08-02
ACCEPT,T442f,docs/tasks/archive/2026-08-03-v1.7.8-quota-family.md,4,2026-08-03
FALSIFIED,,docs/tasks/archive/2026-08-03-v1.7.8-quota-family.md,12,2026-08-03
RATIFIED,,docs/tasks/archive/2026-08-03-v1.7.8-quota-family.md,30,2026-08-03
RATIFIED,,docs/tasks/archive/2026-08-03-v1.7.8-quota-family.md,34,2026-08-03
PROMOTED,,docs/tasks/archive/2026-08-03-v1.7.8-quota-family.md,34,2026-08-03
RATIFIED,,docs/tasks/archive/2026-08-03-v1.7.8-quota-family.md,36,2026-08-03
ACCEPT,,docs/tasks/archive/2026-08-04-v1.7.9-closure-c5-quota-and-the-p0.md,23,2026-08-04
PROMOTED,,docs/tasks/archive/2026-08-04-v1.7.9-closure-c5-quota-and-the-p0.md,35,2026-08-04
ACCEPT,T462,docs/tasks/archive/2026-08-04-v1.7.9-closure-c5-quota-and-the-p0.md,46,2026-08-04
ACCEPT,T463,docs/tasks/archive/2026-08-04-v1.7.9-closure-c5-quota-and-the-p0.md,47,2026-08-04
ACCEPT,T464,docs/tasks/archive/2026-08-04-v1.7.9-closure-c5-quota-and-the-p0.md,48,2026-08-04
ACCEPT,T465,docs/tasks/archive/2026-08-04-v1.7.9-closure-c5-quota-and-the-p0.md,49,2026-08-04
ACCEPT,T466,docs/tasks/archive/2026-08-04-v1.7.9-closure-c5-quota-and-the-p0.md,50,2026-08-04
ACCEPT,T468,docs/tasks/archive/2026-08-04-v1.7.9-closure-c5-quota-and-the-p0.md,51,2026-08-04
ACCEPT,T469,docs/tasks/archive/2026-08-04-v1.7.9-closure-c5-quota-and-the-p0.md,52,2026-08-04
ACCEPT,T473,docs/tasks/archive/2026-08-04-v1.7.9-closure-c5-quota-and-the-p0.md,53,2026-08-04
ACCEPT,T474,docs/tasks/archive/2026-08-04-v1.7.9-closure-c5-quota-and-the-p0.md,54,2026-08-04
ACCEPT,,docs/tasks/archive/2026-08-04-v1.7.9-closure-c5-quota-and-the-p0.md,55,2026-08-04
ACCEPT,T454a,docs/tasks/archive/2026-08-04-v1.7.9-closure-c5-quota-and-the-p0.md,56,2026-08-04
ACCEPT,T459,docs/tasks/archive/2026-08-04-v1.7.9-closure-c5-quota-and-the-p0.md,57,2026-08-04
RATIFIED,,docs/tasks/archive/2026-08-04-v1.7.9-closure-c5-quota-and-the-p0.md,62,2026-08-04
RATIFIED,T442c,docs/tasks/archive/2026-08-05-language-scope-and-the-suite-scope-close.md,15,2026-08-05
ACCEPT,T492,docs/tasks/archive/2026-08-05-language-scope-and-the-suite-scope-close.md,57,2026-08-05
FALSIFIED,T437b,docs/tasks/archive/2026-08-05-language-scope-and-the-suite-scope-close.md,59,2026-08-05
ACCEPT,T487,docs/tasks/archive/2026-08-05-language-scope-and-the-suite-scope-close.md,67,2026-08-05
ACCEPT,T483,docs/tasks/archive/2026-08-05-language-scope-and-the-suite-scope-close.md,72,2026-08-05
ACCEPT,T489,docs/tasks/archive/2026-08-05-language-scope-and-the-suite-scope-close.md,79,2026-08-05
ACCEPT,T491,docs/tasks/archive/2026-08-05-language-scope-and-the-suite-scope-close.md,89,2026-08-05
FALSIFIED,T490,docs/tasks/archive/2026-08-05-language-scope-and-the-suite-scope-close.md,97,2026-08-05
ACCEPT,T488,docs/tasks/archive/2026-08-05-language-scope-and-the-suite-scope-close.md,103,2026-08-05
PROVISIONAL,,docs/tasks/archive/2026-08-05-language-scope-and-the-suite-scope-close.md,131,2026-08-05
ACCEPT,T471,docs/tasks/archive/2026-08-05-language-scope-and-the-suite-scope-close.md,139,2026-08-05
ACCEPT,T484b,docs/tasks/archive/2026-08-05-language-scope-and-the-suite-scope-close.md,150,2026-08-05
ACCEPT,T494a,docs/tasks/archive/2026-08-05-language-scope-and-the-suite-scope-close.md,181,2026-08-05
ACCEPT,T494b,docs/tasks/archive/2026-08-05-language-scope-and-the-suite-scope-close.md,220,2026-08-05
ACCEPT,,docs/tasks/archive/2026-08-05-language-scope-and-the-suite-scope-close.md,253,2026-08-05
ACCEPT,T448,docs/tasks/archive/2026-08-05-language-scope-and-the-suite-scope-close.md,290,2026-08-05
ACCEPT,T448,docs/tasks/archive/2026-08-05-language-scope-and-the-suite-scope-close.md,294,2026-08-05
RATIFIED,,docs/tasks/archive/2026-08-05-language-scope-and-the-suite-scope-close.md,296,2026-08-05
ACCEPT,T427i,docs/tasks/archive/2026-08-05-language-scope-and-the-suite-scope-close.md,304,2026-08-05
ACCEPT,T443,docs/tasks/archive/2026-08-05-language-scope-and-the-suite-scope-close.md,317,2026-08-05
ACCEPT,T478,docs/tasks/archive/2026-08-05-language-scope-and-the-suite-scope-close.md,355,2026-08-05
RATIFIED,,docs/tasks/archive/2026-08-05-language-scope-and-the-suite-scope-close.md,371,2026-08-05
ACCEPT,T478,docs/tasks/archive/2026-08-05-language-scope-and-the-suite-scope-close.md,381,2026-08-05
ACCEPT,T478,docs/tasks/archive/2026-08-05-language-scope-and-the-suite-scope-close.md,383,2026-08-05
FALSIFIED,T478,docs/tasks/archive/2026-08-05-language-scope-and-the-suite-scope-close.md,413,2026-08-05
RATIFIED,T480,docs/tasks/archive/2026-08-05-v1.7.10-k2-live-and-the-prod-eyes-on.md,4,2026-08-05
PROMOTED,,docs/tasks/archive/2026-08-05-v1.7.10-k2-live-and-the-prod-eyes-on.md,126,2026-08-05
ACCEPT,,docs/tasks/archive/2026-08-07-t510fe-t506-designer-batch.md,4,2026-08-07
ACCEPT,T514,docs/tasks/archive/2026-08-07-t516-t512-t502-address-scope.md,6,2026-08-07
ACCEPT,T503,docs/tasks/archive/2026-08-08-t503-t521-t528a-t535-label-and-path-close.md,9,2026-08-08
CONFIRMED,,docs/tasks/archive/2026-08-08-t503-t521-t528a-t535-label-and-path-close.md,11,2026-08-08
FALSIFIED,,docs/tasks/archive/2026-08-08-t503-t521-t528a-t535-label-and-path-close.md,18,2026-08-08
CONFIRMED,,docs/tasks/archive/2026-08-08-t503-t521-t528a-t535-label-and-path-close.md,18,2026-08-08
CONFIRMED,,docs/tasks/archive/2026-08-08-t503-t521-t528a-t535-label-and-path-close.md,22,2026-08-08
FALSIFIED,T528,docs/tasks/archive/2026-08-08-t503-t521-t528a-t535-label-and-path-close.md,23,2026-08-08
ACCEPT,T521,docs/tasks/archive/2026-08-08-t503-t521-t528a-t535-label-and-path-close.md,53,2026-08-08
FALSIFIED,,docs/tasks/archive/2026-08-08-t503-t521-t528a-t535-label-and-path-close.md,57,2026-08-08
ACCEPT,T528,docs/tasks/archive/2026-08-08-t503-t521-t528a-t535-label-and-path-close.md,89,2026-08-08
FALSIFIED,T527,docs/tasks/archive/2026-08-08-t503-t521-t528a-t535-label-and-path-close.md,93,2026-08-08
ACCEPT,T535,docs/tasks/archive/2026-08-08-t503-t521-t528a-t535-label-and-path-close.md,113,2026-08-08
ACCEPT,,docs/tasks/archive/2026-08-08-t508-explicit-internal-declaration-supersedes.md,27,2026-08-08
ACCEPT,,docs/tasks/archive/2026-08-08-t518fe-t517-t504-deploy-inbox-close.md,3,2026-08-08
ACCEPT,T506,docs/tasks/archive/2026-08-08-t518fe-t517-t504-deploy-inbox-close.md,28,2026-08-08
FALSIFIED,,docs/tasks/archive/2026-08-08-t524-the-docs-were-teaching-superseded-rules.md,45,2026-08-08
FALSIFIED,,docs/tasks/archive/2026-08-08-t527-silver-truncation-measured-not-guessed.md,18,2026-08-08
FALSIFIED,T528,docs/tasks/archive/2026-08-08-t527-silver-truncation-measured-not-guessed.md,82,2026-08-08
ACCEPT,,docs/tasks/archive/2026-08-08-t531-baseline-failures-were-unrun-coverage.md,24,2026-08-08
RATIFIED,,docs/tasks/archive/2026-08-09-t519-generate-the-index-do-not-guard-it.md,20,2026-08-09
CONFIRMED,,docs/tasks/archive/2026-08-09-t530-past-due-read-as-forward-looking.md,16,2026-08-09
ACCEPT,,docs/tasks/archive/2026-08-09-t530-past-due-read-as-forward-looking.md,45,2026-08-09
CONFIRMED,,docs/tasks/archive/2026-08-09-t534-stale-agents-copy-fails-loudly.md,13,2026-08-09
ACCEPT,,docs/tasks/archive/2026-08-09-t534-stale-agents-copy-fails-loudly.md,47,2026-08-09
ACCEPT,T539,docs/tasks/archive/2026-08-09-t539-t540-t537-t511be-slice0-and-the-red-that-lies.md,11,2026-08-09
CONFIRMED,,docs/tasks/archive/2026-08-09-t539-t540-t537-t511be-slice0-and-the-red-that-lies.md,15,2026-08-09
PROMOTED,,docs/tasks/archive/2026-08-09-t539-t540-t537-t511be-slice0-and-the-red-that-lies.md,21,2026-08-09
PROMOTED,,docs/tasks/archive/2026-08-09-t539-t540-t537-t511be-slice0-and-the-red-that-lies.md,21,2026-08-09
ACCEPT,T540,docs/tasks/archive/2026-08-09-t539-t540-t537-t511be-slice0-and-the-red-that-lies.md,35,2026-08-09
FALSIFIED,,docs/tasks/archive/2026-08-09-t539-t540-t537-t511be-slice0-and-the-red-that-lies.md,39,2026-08-09
ACCEPT,T537,docs/tasks/archive/2026-08-09-t539-t540-t537-t511be-slice0-and-the-red-that-lies.md,70,2026-08-09
CONFIRMED,,docs/tasks/archive/2026-08-09-t539-t540-t537-t511be-slice0-and-the-red-that-lies.md,74,2026-08-09
ACCEPT,T511,docs/tasks/archive/2026-08-09-t539-t540-t537-t511be-slice0-and-the-red-that-lies.md,86,2026-08-09
CONFIRMED,T449,docs/tasks/archive/2026-08-09-t539-t540-t537-t511be-slice0-and-the-red-that-lies.md,90,2026-08-09
FALSIFIED,T200c,docs/tasks/archive/2026-08-10-round-close-consent-instruments-and-the-silent-instrument.md,48,2026-08-10
CONFIRMED,,docs/tasks/archive/2026-08-10-t509-t548-the-fallback-that-looks-right.md,55,2026-08-10
WITHDRAWN,,docs/tasks/archive/2026-08-10-t536-render-not-write.md,89,2026-08-10
FALSIFIED,,docs/tasks/archive/2026-08-10-t536-render-not-write.md,129,2026-08-10
FALSIFIED,,docs/tasks/archive/2026-08-10-t536-render-not-write.md,131,2026-08-10
FALSIFIED,T545,docs/tasks/archive/2026-08-10-t545-t529-envelope-and-pure-render.md,9,2026-08-10
FALSIFIED,,docs/tasks/archive/2026-08-10-t546-two-producers-one-field.md,9,2026-08-10
FALSIFIED,,docs/tasks/archive/2026-08-11-t528b-t570-t569-t568-a-falsified-extension-becomes-the-next-rule.md,10,2026-08-11
CONFIRMED,T570,docs/tasks/archive/2026-08-11-t528b-t570-t569-t568-a-falsified-extension-becomes-the-next-rule.md,56,2026-08-11
CONFIRMED,,docs/tasks/archive/2026-08-11-t551-t573-t499-t547-a-precondition-is-a-claim.md,39,2026-08-11
RATIFIED,T556,docs/tasks/archive/2026-08-11-t556-t567-t560-three-falsified-verifies.md,6,2026-08-11
FALSIFIED,,docs/tasks/archive/2026-08-11-t558-the-screen-that-stated-a-decision-nobody-made.md,4,2026-08-11
FALSIFIED,,docs/tasks/archive/2026-08-11-t571-t572-t557-t437e-the-question-was-legitimate.md,52,2026-08-11
ACCEPT,,docs/tasks/archive/2026-08-11-t574-a-ruling-about-a-site-is-not-a-ruling-about-the-row.md,64,2026-08-11
CONFIRMED,T574,docs/tasks/archive/2026-08-11-t576-t579-t577-t578-t550-a-comment-is-why-nobody-looked.md,66,2026-08-11
FALSIFIED,,docs/tasks/archive/2026-08-11-t576-t579-t577-t578-t550-a-comment-is-why-nobody-looked.md,81,2026-08-11
ACCEPT,,docs/tasks/archive/2026-08-11-t581-t549-a-returning-matcher-is-safe-until-the-first-composite.md,7,2026-08-11
ACCEPT,,docs/tasks/archive/2026-08-11-t582-t580-the-order-changes-with-the-vocabulary.md,6,2026-08-11
ACCEPT,,docs/tasks/archive/2026-08-11-t583-the-classifier-already-existed-and-its-twin-was-asymmetric.md,5,2026-08-11
FALSIFIED,,docs/tasks/archive/2026-08-11-t583-the-classifier-already-existed-and-its-twin-was-asymmetric.md,25,2026-08-11
ACCEPT,,docs/tasks/archive/2026-08-11-t584-the-red-demonstration-had-a-fuse-on-it.md,10,2026-08-11
ACCEPT,T416,docs/tasks/archive/2026-08-11-t584-the-red-demonstration-had-a-fuse-on-it.md,38,2026-08-11
ACCEPT,T416,docs/tasks/archive/2026-08-11-t584-the-red-demonstration-had-a-fuse-on-it.md,38,2026-08-11
ACCEPT,T311,docs/tasks/archive/2026-08-11-t584-the-red-demonstration-had-a-fuse-on-it.md,47,2026-08-11
ACCEPT,T587,docs/tasks/archive/2026-08-12-t586-the-normalizer-was-the-gate-and-the-third-sibling-was-dead.md,5,2026-08-12
ACCEPT,,docs/tasks/archive/2026-08-12-t587-absence-of-hits-is-not-absence-of-a-mechanism.md,4,2026-08-12
ACCEPT,,docs/tasks/archive/2026-08-13-t590-a-guard-keyed-on-status-cannot-protect-data.md,3,2026-08-13
ACCEPT,,docs/tasks/archive/2026-08-13-t594a-it-would-have-matched-is-not-it-would-have-fixed-it.md,3,2026-08-13
ACCEPT,,docs/tasks/archive/2026-08-13-t595-a-closed-project-keeps-status-active-and-that-is-the-slot.md,3,2026-08-13
FALSIFIED,,docs/tasks/archive/2026-08-13-t595-a-closed-project-keeps-status-active-and-that-is-the-slot.md,16,2026-08-13
ACCEPT,,docs/tasks/archive/2026-08-13-t596-the-instrument-lied-cleanly-and-the-known-answer-caught-it.md,3,2026-08-13
FALSIFIED,T327,docs/tasks/archive/2026-08-13-t596-the-instrument-lied-cleanly-and-the-known-answer-caught-it.md,22,2026-08-13
ACCEPT,,docs/tasks/archive/2026-08-13-t598-the-gantt-says-eight-and-draws-four.md,3,2026-08-13
ACCEPT,,docs/tasks/archive/2026-08-13-t601-two-independent-bugs-were-one-and-a-test-passed-because-of-it.md,3,2026-08-13
ACCEPT,,docs/tasks/archive/2026-08-13-t602-t600-t603-a-cognate-was-doing-the-work-of-a-contract.md,3,2026-08-13
FALSIFIED,,docs/tasks/archive/2026-08-13-t602-t600-t603-a-cognate-was-doing-the-work-of-a-contract.md,15,2026-08-13
CONFIRMED,,docs/tasks/archive/2026-08-14-t589-two-negative-controls-and-a-venv-nobody-named.md,23,2026-08-14
ACCEPT,,docs/tasks/archive/2026-08-14-t589-two-negative-controls-and-a-venv-nobody-named.md,99,2026-08-14
FALSIFIED,,docs/tasks/archive/2026-08-14-t618-t620-t624-the-diagnosis-was-right-and-the-remedy-was-wrong.md,31,2026-08-14
CONFIRMED,,docs/tasks/archive/2026-08-14-t618-t620-t624-the-diagnosis-was-right-and-the-remedy-was-wrong.md,31,2026-08-14
RATIFIED,,docs/tasks/archive/2026-08-14-t618-t620-t624-the-diagnosis-was-right-and-the-remedy-was-wrong.md,41,2026-08-14
CONFIRMED,,docs/tasks/archive/2026-08-14-t618-t620-t624-the-diagnosis-was-right-and-the-remedy-was-wrong.md,60,2026-08-14
FALSIFIED,,docs/tasks/archive/2026-08-14-t618-t620-t624-the-diagnosis-was-right-and-the-remedy-was-wrong.md,75,2026-08-14
ACCEPT,,docs/tasks/archive/2026-08-14-t619-t622-the-enumeration-corrected-the-ruling-that-ordered-it.md,36,2026-08-14
CONFIRMED,,docs/tasks/archive/2026-08-15-t626-t627-the-substrate-and-the-attribute-neither-visible-to-the-obvious-check.md,28,2026-08-15
FALSIFIED,,docs/tasks/archive/2026-08-15-t626-t627-the-substrate-and-the-attribute-neither-visible-to-the-obvious-check.md,52,2026-08-15
ACCEPT,T621,docs/tasks/archive/2026-08-15-t628-every-instrument-in-this-family-has-failed-by-reading-green.md,49,2026-08-15
CONFIRMED,,docs/tasks/archive/2026-08-15-t630-t632-t631-gate-1-answered-a-question-i-had-framed-wrong.md,55,2026-08-15
ACCEPT,,docs/tasks/archive/2026-08-16-t637-a-fixture-that-supplies-what-the-product-fails-to-derive.md,4,2026-08-16
FALSIFIED,T649,docs/tasks/archive/2026-08-16-t637-a-fixture-that-supplies-what-the-product-fails-to-derive.md,44,2026-08-16
RATIFIED,T478,docs/tasks/archive/2026-08-17-collapsed-dispatch-blocks.md,140,2026-08-17
RATIFIED,T658,docs/tasks/archive/2026-08-17-collapsed-dispatch-blocks.md,147,2026-08-17
CONFIRMED,T638,docs/tasks/archive/2026-08-17-collapsed-dispatch-blocks.md,164,2026-08-17
CONFIRMED,,docs/tasks/archive/2026-08-17-collapsed-dispatch-blocks.md,206,2026-08-17
ACCEPT,T637,docs/tasks/archive/2026-08-17-collapsed-dispatch-blocks.md,250,2026-08-17
FALSIFIED,T532,docs/tasks/archive/2026-08-17-collapsed-dispatch-blocks.md,260,2026-08-17
ACCEPT,T636,docs/tasks/archive/2026-08-17-collapsed-dispatch-blocks.md,267,2026-08-17
RATIFIED,T642,docs/tasks/archive/2026-08-17-collapsed-dispatch-blocks.md,317,2026-08-17
ACCEPT,,docs/tasks/archive/2026-08-17-collapsed-dispatch-blocks.md,325,2026-08-17
FALSIFIED,T631,docs/tasks/archive/2026-08-17-collapsed-dispatch-blocks.md,340,2026-08-17
RATIFIED,T628,docs/tasks/archive/2026-08-17-collapsed-dispatch-blocks.md,351,2026-08-17
ACCEPT,T629,docs/tasks/archive/2026-08-17-collapsed-dispatch-blocks.md,369,2026-08-17
ACCEPT,T629,docs/tasks/archive/2026-08-17-collapsed-dispatch-blocks.md,369,2026-08-17
ACCEPT,T633,docs/tasks/archive/2026-08-17-collapsed-dispatch-blocks.md,381,2026-08-17
ACCEPT,T636,docs/tasks/archive/2026-08-17-collapsed-dispatch-blocks.md,383,2026-08-17
RATIFIED,,docs/tasks/archive/2026-08-17-collapsed-dispatch-blocks.md,390,2026-08-17
ACCEPT,T622,docs/tasks/archive/2026-08-17-collapsed-dispatch-blocks.md,414,2026-08-17
CONFIRMED,,docs/tasks/archive/2026-08-17-collapsed-dispatch-blocks.md,430,2026-08-17
ACCEPT,T597,docs/tasks/archive/2026-08-17-collapsed-dispatch-blocks.md,476,2026-08-17
ACCEPT,,docs/tasks/archive/2026-08-17-collapsed-dispatch-blocks.md,478,2026-08-17
ACCEPT,T626,docs/tasks/archive/2026-08-17-collapsed-dispatch-blocks.md,548,2026-08-17
ACCEPT,T590,docs/tasks/archive/2026-08-17-collapsed-dispatch-blocks.md,599,2026-08-17
ACCEPT,T608,docs/tasks/archive/2026-08-17-collapsed-dispatch-blocks.md,621,2026-08-17
ACCEPT,T608,docs/tasks/archive/2026-08-17-collapsed-dispatch-blocks.md,621,2026-08-17
FALSIFIED,,docs/tasks/archive/2026-08-17-collapsed-dispatch-blocks.md,623,2026-08-17
ACCEPT,T636,docs/tasks/archive/2026-08-17-t636-t641-t649-t644-batch-anti-correlated-predicates-and-a-cross-environment-name-match.md,8,2026-08-17
CONFIRMED,,docs/tasks/archive/2026-08-17-t636-t641-t649-t644-batch-anti-correlated-predicates-and-a-cross-environment-name-match.md,9,2026-08-17
RATIFIED,T478,docs/tasks/archive/2026-08-17-t636-t641-t649-t644-batch-anti-correlated-predicates-and-a-cross-environment-name-match.md,63,2026-08-17
RATIFIED,,docs/tasks/archive/2026-08-17-t636-t641-t649-t644-batch-anti-correlated-predicates-and-a-cross-environment-name-match.md,71,2026-08-17
RATIFIED,,docs/tasks/archive/process-misses-log.md,13,
ACCEPT,T427e,docs/tasks/archive/process-misses-log.md,24,
ACCEPT,T427e,docs/tasks/archive/process-misses-log.md,24,
ACCEPT,T427e,docs/tasks/archive/process-misses-log.md,24,
ACCEPT,T427e,docs/tasks/archive/process-misses-log.md,24,
ACCEPT,T427e,docs/tasks/archive/process-misses-log.md,24,
RATIFIED,T427e,docs/tasks/archive/process-misses-log.md,24,
FALSIFIED,T330,docs/tasks/archive/process-misses-log.md,28,
ACCEPT,T220b,docs/tasks/archive/process-misses-log.md,42,
ACCEPT,T220b,docs/tasks/archive/process-misses-log.md,42,
ACCEPT,T220b,docs/tasks/archive/process-misses-log.md,42,
ACCEPT,T220b,docs/tasks/archive/process-misses-log.md,42,
ACCEPT,T220b,docs/tasks/archive/process-misses-log.md,42,
RATIFIED,T215a,docs/tasks/archive/process-misses-log.md,48,
RATIFIED,T229,docs/tasks/archive/process-misses-log.md,50,
RATIFIED,T229,docs/tasks/archive/process-misses-log.md,50,
ACCEPT,T218,docs/tasks/archive/process-misses-log.md,58,
FALSIFIED,T218,docs/tasks/archive/process-misses-log.md,58,
RATIFIED,T218,docs/tasks/archive/process-misses-log.md,58,
ACCEPT,T218,docs/tasks/archive/process-misses-log.md,60,
ACCEPT,T185,docs/tasks/archive/process-misses-log.md,62,
ACCEPT,T185,docs/tasks/archive/process-misses-log.md,62,
RATIFIED,T185,docs/tasks/archive/process-misses-log.md,62,
RATIFIED,T185,docs/tasks/archive/process-misses-log.md,62,
RATIFIED,T218,docs/tasks/archive/process-misses-log.md,72,
RATIFIED,T185,docs/tasks/archive/process-misses-log.md,74,
ACCEPT,T218,docs/tasks/archive/process-misses-log.md,76,
RATIFIED,T218,docs/tasks/archive/process-misses-log.md,76,
RATIFIED,T185,docs/tasks/archive/process-misses-log.md,78,
RATIFIED,T185,docs/tasks/archive/process-misses-log.md,78,
RATIFIED,T221,docs/tasks/archive/process-misses-log.md,80,
RATIFIED,T221,docs/tasks/archive/process-misses-log.md,80,
RATIFIED,T221,docs/tasks/archive/process-misses-log.md,80,
RATIFIED,T221,docs/tasks/archive/process-misses-log.md,81,
RATIFIED,T221,docs/tasks/archive/process-misses-log.md,81,
RATIFIED,T221,docs/tasks/archive/process-misses-log.md,81,
RATIFIED,,docs/tasks/archive/process-misses-log.md,82,
ACCEPT,,docs/tasks/archive/process-misses-log.md,83,
ACCEPT,T197b,docs/tasks/archive/process-misses-log.md,85,
ACCEPT,T197c,docs/tasks/archive/process-misses-log.md,86,
ACCEPT,T197f,docs/tasks/archive/process-misses-log.md,88,
RATIFIED,T185,docs/tasks/archive/process-misses-log.md,103,
RATIFIED,T185,docs/tasks/archive/process-misses-log.md,103,
RATIFIED,T217a,docs/tasks/archive/process-misses-log.md,107,
RATIFIED,T222,docs/tasks/archive/process-misses-log.md,110,
RATIFIED,T218,docs/tasks/archive/process-misses-log.md,112,
RATIFIED,T185,docs/tasks/archive/process-misses-log.md,113,
RATIFIED,,docs/tasks/archive/process-misses-log.md,117,
RATIFIED,,docs/tasks/archive/process-misses-log.md,117,
RATIFIED,T437e,docs/tasks/archive/process-misses-log.md,123,
RATIFIED,T437e,docs/tasks/archive/process-misses-log.md,123,
RATIFIED,T437e,docs/tasks/archive/process-misses-log.md,123,
ACCEPT,T442e,docs/tasks/archive/process-misses-log.md,125,
RATIFIED,T442e,docs/tasks/archive/process-misses-log.md,125,
RATIFIED,T466,docs/tasks/archive/process-misses-log.md,130,
RATIFIED,,docs/tasks/archive/process-misses-log.md,143,
RATIFIED,,docs/tasks/archive/process-misses-log.md,196,
RATIFIED,,docs/tasks/archive/process-misses-log.md,210,
RATIFIED,T519,docs/tasks/archive/process-misses-log.md,269,
RATIFIED,T14c,docs/tasks/archive/process-misses-log.md,273,
RATIFIED,T14c,docs/tasks/archive/process-misses-log.md,273,
RATIFIED,T14c,docs/tasks/archive/process-misses-log.md,273,
FALSIFIED,,docs/tasks/archive/process-misses-log.md,323,
CONFIRMED,T543,docs/tasks/archive/process-misses-log.md,346,
RATIFIED,,docs/tasks/archive/process-misses-log.md,493,
RATIFIED,T478,docs/tasks/archive/process-misses-log.md,610,
ACCEPT,,docs/tasks/current.md,15,
ACCEPT,T664,docs/tasks/current.md,19,
ACCEPT,T662a,docs/tasks/current.md,20,
ACCEPT,T661,docs/tasks/current.md,21,
ACCEPT,T682,docs/tasks/current.md,22,
ACCEPT,T670,docs/tasks/current.md,23,
FALSIFIED,T670,docs/tasks/current.md,23,
ACCEPT,T660,docs/tasks/current.md,24,
ACCEPT,T674,docs/tasks/current.md,25,
RATIFIED,,docs/tasks/current.md,30,
RATIFIED,T638,docs/tasks/current.md,62,
FALSIFIED,T680,docs/tasks/current.md,181,
CONFIRMED,T200c,docs/tasks/current.md,256,
RATIFIED,,docs/tasks/current.md,257,
FALSIFIED,,docs/tasks/current.md,269,
PROMOTED,T647,docs/tasks/current.md,295,
ACCEPT,,docs/tasks/current.md,328,
CONFIRMED,T666,docs/tasks/current.md,360,
CONFIRMED,T667,docs/tasks/current.md,403,
FALSIFIED,T666,docs/tasks/current.md,410,
CONFIRMED,T666,docs/tasks/current.md,411,
WITHDRAWN,T682,docs/tasks/current.md,459,
CONFIRMED,T653,docs/tasks/current.md,488,
RATIFIED,T443,docs/tasks/current.md,525,
FALSIFIED,,docs/tasks/current.md,542,
WITHDRAWN,T653,docs/tasks/current.md,544,
CONFIRMED,,docs/tasks/current.md,547,
RATIFIED,T682,docs/tasks/current.md,556,
FALSIFIED,,docs/tasks/current.md,578,
FALSIFIED,T662c,docs/tasks/current.md,580,
CONFIRMED,T671,docs/tasks/current.md,605,
FALSIFIED,,docs/tasks/current.md,620,
RATIFIED,,docs/tasks/current.md,649,
ACCEPT,,docs/tasks/current.md,655,
FALSIFIED,,docs/tasks/current.md,679,
WITHDRAWN,T680,docs/tasks/current.md,690,
ACCEPT,T672,docs/tasks/current.md,715,
RATIFIED,T631,docs/tasks/current.md,760,
PROMOTED,,docs/tasks/current.md,800,
ACCEPT,T636,docs/tasks/current.md,825,
FALSIFIED,T649,docs/tasks/current.md,835,
FALSIFIED,,docs/tasks/current.md,868,
ACCEPT,T636,docs/tasks/current.md,894,
CONFIRMED,T636,docs/tasks/current.md,894,
RATIFIED,,docs/tasks/current.md,916,
ACCEPT,T655,docs/tasks/current.md,971,
CONFIRMED,,docs/tasks/current.md,985,
ACCEPT,T656,docs/tasks/current.md,989,
FALSIFIED,,docs/tasks/current.md,990,
ACCEPT,T641,docs/tasks/current.md,995,
ACCEPT,T639,docs/tasks/current.md,1026,
CONFIRMED,,docs/tasks/current.md,1027,
ACCEPT,T650,docs/tasks/current.md,1036,
ACCEPT,,docs/tasks/current.md,1075,
RATIFIED,,docs/tasks/current.md,1076,
ACCEPT,T658,docs/tasks/current.md,1081,
CONFIRMED,T639,docs/tasks/current.md,1082,
RATIFIED,,docs/tasks/current.md,1096,
ACCEPT,,docs/tasks/current.md,1134,
ACCEPT,,docs/tasks/current.md,1135,
CONFIRMED,T640,docs/tasks/current.md,1137,
ACCEPT,T619,docs/tasks/current.md,1223,
RATIFIED,T386,docs/tasks/current.md,1227,
CONFIRMED,,docs/tasks/current.md,1245,
RATIFIED,,docs/tasks/current.md,1259,
WITHDRAWN,,docs/tasks/current.md,1290,
RATIFIED,T656,docs/tasks/current.md,1326,
RATIFIED,,docs/tasks/current.md,1370,
PROMOTED,T515,docs/tasks/current.md,1394,
FALSIFIED,,docs/tasks/current.md,1567,
CONFIRMED,,docs/tasks/current.md,1674,
FALSIFIED,T638,docs/tasks/current.md,1690,
CONFIRMED,,docs/tasks/current.md,1720,
FALSIFIED,T638,docs/tasks/current.md,1723,
FALSIFIED,,docs/tasks/current.md,1784,
RATIFIED,,docs/tasks/current.md,1835,
RATIFIED,,docs/tasks/current.md,1894,
RATIFIED,,docs/tasks/current.md,1895,
PROMOTED,,docs/tasks/current.md,1950,
RATIFIED,T643,docs/tasks/current.md,2023,
RATIFIED,,docs/tasks/current.md,2028,
RATIFIED,,docs/tasks/current.md,2028,
FALSIFIED,,docs/tasks/current.md,2151,
FALSIFIED,,docs/tasks/current.md,2172,
CONFIRMED,,docs/tasks/current.md,2172,
CONFIRMED,T146,docs/tasks/current.md,2218,
FALSIFIED,T532,docs/tasks/current.md,2230,
CONFIRMED,T504,docs/tasks/current.md,2467,
RATIFIED,,docs/tasks/current.md,2517,
RATIFIED,,docs/tasks/current.md,2523,
RATIFIED,,docs/tasks/current.md,2524,
RATIFIED,T211,docs/tasks/current.md,2525,
RATIFIED,,docs/tasks/current.md,2526,
ACCEPT,,docs/tasks/current.md,2550,
ACCEPT,,docs/tasks/current.md,2550,
RATIFIED,,docs/tasks/current.md,2550,
RATIFIED,T213,docs/tasks/current.md,2551,
RATIFIED,T213a,docs/tasks/current.md,2552,
RATIFIED,T221,docs/tasks/current.md,2553,
PROMOTED,T221,docs/tasks/current.md,2553,
RATIFIED,,docs/tasks/current.md,2554,
RATIFIED,,docs/tasks/current.md,2555,
RATIFIED,T185,docs/tasks/current.md,2573,
RATIFIED,T185,docs/tasks/current.md,2577,
RATIFIED,T185,docs/tasks/current.md,2577,
RATIFIED,T218,docs/tasks/current.md,2578,
RATIFIED,,docs/tasks/current.md,2580,
RATIFIED,T427e,docs/tasks/current.md,2581,
RATIFIED,,docs/tasks/current.md,2583,
RATIFIED,,docs/tasks/current.md,2584,
RATIFIED,,docs/tasks/current.md,2597,
RATIFIED,,docs/tasks/current.md,2601,
RATIFIED,T442c,docs/tasks/current.md,2603,
RATIFIED,T494b,docs/tasks/current.md,2627,
RATIFIED,T532,docs/tasks/current.md,2635,
ACCEPT,T474,docs/tasks/current.md,2654,
RATIFIED,T474,docs/tasks/current.md,2654,
RATIFIED,T442c,docs/tasks/current.md,2655,
RATIFIED,T451,docs/tasks/current.md,2656,
RATIFIED,T441,docs/tasks/current.md,2657,
RATIFIED,T441,docs/tasks/current.md,2657,
